Variants,Time
Base var,0:01:18.098348
«А» var,0:03:51.177708
«Б» var,0:00:22.351127
«С» var,0:00:29.538371
